,age,Medu,Fedu,traveltime,studytime,failures,famrel,freetime,goout,Dalc,Walc,health,absences,final_score,school,sex,address,famsize,Pstatus,Fjob,reason,guardian,nursery,higher,internet,romantic,schoolsup,familysup,paidsup,nosup
0,18,4,4,2,2,0,4,3,4,1,1,3,4,11,GP,F,U,GT3,A,teacher,course,mother,yes,yes,no,no,1,0,0,0
1,17,1,1,1,2,0,5,3,3,1,1,3,2,11,GP,F,U,GT3,T,other,course,father,no,yes,yes,no,0,1,0,0
2,15,1,1,1,2,0,4,3,2,2,3,3,6,12,GP,F,U,LE3,T,other,other,mother,yes,yes,yes,no,1,0,0,0
3,15,4,2,1,3,0,3,2,2,1,1,5,0,14,GP,F,U,GT3,T,services,home,mother,yes,yes,yes,yes,0,1,0,0
4,16,3,3,1,2,0,4,3,2,1,2,5,0,13,GP,F,U,GT3,T,other,home,father,yes,yes,no,no,0,1,0,0
5,16,4,3,1,2,0,5,4,2,1,2,5,6,13,GP,M,U,LE3,T,other,reputation,mother,yes,yes,yes,no,0,1,0,0
6,16,2,2,1,2,0,4,4,4,1,1,3,0,13,GP,M,U,LE3,T,other,home,mother,yes,yes,yes,no,0,0,0,1
7,17,4,4,2,2,0,4,1,4,1,1,1,2,13,GP,F,U,GT3,A,teacher,home,mother,yes,yes,no,no,1,1,0,0
8,15,3,2,1,2,0,4,2,2,1,1,1,0,17,GP,M,U,LE3,A,other,home,mother,yes,yes,yes,no,0,1,0,0
9,15,3,4,1,2,0,5,5,1,1,1,5,0,13,GP,M,U,GT3,T,other,home,mother,yes,yes,yes,no,0,1,0,0
10,15,4,4,1,2,0,3,3,3,1,2,2,2,14,GP,F,U,GT3,T,health,reputation,mother,yes,yes,yes,no,0,1,0,0
11,15,2,1,3,3,0,5,2,2,1,1,4,0,13,GP,F,U,GT3,T,other,reputation,father,yes,yes,yes,no,0,1,0,0
12,15,4,4,1,1,0,4,3,3,1,3,5,0,12,GP,M,U,LE3,T,services,course,father,yes,yes,yes,no,0,1,0,0
13,15,4,3,2,2,0,5,4,3,1,2,3,0,13,GP,M,U,GT3,T,other,course,mother,yes,yes,yes,no,0,1,0,0
14,15,2,2,1,3,0,4,5,2,1,1,3,0,15,GP,M,U,GT3,A,other,home,other,yes,yes,yes,yes,0,1,0,0
15,16,4,4,1,1,0,4,4,4,1,2,2,6,17,GP,F,U,GT3,T,other,home,mother,yes,yes,yes,no,0,1,0,0
16,16,4,4,1,3,0,3,2,3,1,2,2,10,14,GP,F,U,GT3,T,services,reputation,mother,yes,yes,yes,no,0,1,0,0
17,16,3,3,3,2,0,5,3,2,1,1,4,2,14,GP,F,U,GT3,T,other,reputation,mother,yes,yes,no,no,1,1,0,0
18,17,3,2,1,1,3,5,5,5,2,4,5,2,7,GP,M,U,GT3,T,services,course,mother,yes,yes,yes,no,0,1,1,0
19,16,4,3,1,1,0,3,1,3,1,3,5,6,12,GP,M,U,LE3,T,other,home,father,yes,yes,yes,no,0,0,0,1
20,15,4,3,1,2,0,4,4,1,1,1,1,0,14,GP,M,U,GT3,T,other,reputation,mother,yes,yes,yes,no,0,0,0,1
21,15,4,4,1,1,0,5,4,2,1,1,5,0,12,GP,M,U,GT3,T,health,other,father,yes,yes,yes,no,0,1,1,0
22,16,4,2,1,2,0,4,5,1,1,3,5,0,14,GP,M,U,LE3,T,other,course,mother,yes,yes,yes,no,0,0,0,1
23,16,2,2,2,2,0,5,4,4,2,4,5,2,10,GP,M,U,LE3,T,other,reputation,mother,yes,yes,yes,no,0,1,0,0
24,15,2,4,1,3,0,4,3,2,1,1,5,2,10,GP,F,R,GT3,T,health,course,mother,yes,yes,yes,no,1,1,0,0
25,16,2,2,1,1,0,1,2,2,1,3,5,6,12,GP,F,U,GT3,T,services,home,mother,no,yes,yes,no,0,1,0,0
26,15,2,2,1,1,0,4,2,2,1,2,5,8,12,GP,M,U,GT3,T,other,home,mother,yes,yes,yes,no,0,1,0,0
27,15,4,2,1,1,0,2,2,4,2,4,1,0,11,GP,M,U,GT3,T,services,other,mother,yes,yes,yes,no,0,0,0,1
28,16,3,4,1,2,0,5,3,3,1,1,5,2,13,GP,M,U,LE3,A,other,home,mother,yes,yes,yes,no,1,1,1,0
29,16,4,4,1,2,0,4,4,5,5,5,5,4,12,GP,M,U,GT3,T,teacher,home,mother,yes,yes,yes,yes,0,1,1,0
30,15,4,4,1,2,0,5,4,2,3,4,5,0,11,GP,M,U,GT3,T,services,home,mother,no,yes,yes,no,0,1,1,0
31,15,4,4,2,2,0,4,3,1,1,1,5,2,15,GP,M,U,GT3,T,services,reputation,mother,yes,yes,yes,no,0,1,0,0
32,15,4,3,1,2,0,4,5,2,1,1,5,0,15,GP,M,R,GT3,T,at_home,course,mother,yes,yes,yes,yes,0,1,0,0
33,15,3,3,1,2,0,5,3,2,1,1,2,0,12,GP,M,U,LE3,T,other,course,mother,no,yes,yes,no,0,0,0,1
34,16,3,2,1,1,0,5,4,3,1,1,5,4,12,GP,M,U,GT3,T,other,home,mother,no,yes,yes,no,0,1,0,0
35,15,2,3,2,1,0,3,5,1,1,1,5,4,11,GP,F,U,GT3,T,other,other,father,yes,yes,no,no,0,1,0,0
36,15,4,3,1,3,0,5,4,3,1,1,4,0,14,GP,M,U,LE3,T,services,home,mother,yes,yes,yes,no,0,1,0,0
37,16,4,4,2,3,0,2,4,3,1,1,5,4,13,GP,M,R,GT3,A,teacher,reputation,mother,yes,yes,yes,yes,0,1,0,0
38,15,3,4,1,3,0,4,3,2,1,1,5,2,12,GP,F,R,GT3,T,health,course,mother,yes,yes,yes,no,1,1,0,0
39,15,2,2,1,1,0,4,3,1,1,1,2,8,12,GP,F,R,GT3,T,other,reputation,mother,yes,yes,no,no,1,1,0,0
40,16,2,2,2,2,0,3,3,3,1,2,3,16,10,GP,F,U,LE3,T,other,home,mother,no,yes,yes,yes,0,1,0,0
41,15,4,4,1,1,0,5,4,3,2,4,5,8,11,GP,M,U,LE3,T,other,home,other,no,yes,yes,yes,0,1,0,0
42,15,4,4,1,2,0,4,3,3,1,1,5,0,15,GP,M,U,GT3,T,teacher,course,father,yes,yes,yes,no,0,1,0,0
43,15,2,2,1,1,0,5,4,1,1,1,1,0,10,GP,M,U,GT3,T,services,course,father,yes,yes,yes,no,1,1,0,0
44,16,2,2,2,2,1,4,3,3,2,2,5,14,11,GP,F,U,LE3,T,at_home,course,father,yes,yes,yes,no,1,0,0,0
45,15,4,3,1,2,0,5,2,2,1,1,5,4,11,GP,F,U,LE3,A,other,course,mother,yes,yes,yes,yes,1,1,1,0
46,16,3,3,1,2,0,2,3,5,1,4,3,6,13,GP,F,U,LE3,A,services,home,mother,yes,yes,yes,no,0,1,0,0
47,16,4,3,1,4,0,4,2,2,1,1,2,2,17,GP,M,U,GT3,T,services,reputation,mother,yes,yes,yes,no,0,0,0,1
48,15,4,2,1,2,0,4,3,3,2,2,5,4,13,GP,M,U,GT3,T,other,home,mother,yes,yes,no,no,0,1,0,0
49,15,4,4,1,2,0,4,4,4,1,1,3,2,12,GP,F,U,GT3,T,teacher,other,father,no,yes,yes,no,1,1,0,0
50,16,2,2,3,2,0,4,3,3,2,3,4,0,13,GP,F,U,LE3,T,services,course,mother,yes,yes,yes,no,0,1,0,0
51,15,4,2,1,2,0,4,3,3,1,1,5,0,16,GP,F,U,LE3,T,other,other,mother,yes,yes,yes,no,0,1,0,0
52,15,4,2,2,1,0,5,5,5,3,4,5,4,9,GP,M,U,LE3,A,health,other,father,yes,yes,no,no,0,0,0,1
53,15,4,4,1,1,0,3,3,4,2,3,5,0,12,GP,F,U,GT3,T,services,course,mother,yes,yes,yes,no,1,1,0,0
54,15,3,3,1,1,0,5,3,4,4,4,1,0,13,GP,F,U,LE3,A,other,other,mother,yes,yes,yes,no,0,0,0,1
55,16,2,1,1,2,0,5,3,4,1,1,2,2,12,GP,F,U,GT3,A,other,other,mother,yes,yes,yes,yes,0,0,0,1
56,15,4,3,1,2,0,4,3,2,1,1,1,0,15,GP,F,U,GT3,A,services,reputation,mother,yes,yes,yes,no,0,1,0,0
57,15,4,4,1,2,0,3,2,2,1,1,5,8,16,GP,M,U,GT3,T,health,reputation,mother,yes,yes,no,no,0,1,0,0
58,15,1,2,1,2,0,4,3,2,1,1,5,0,14,GP,M,U,LE3,T,at_home,home,father,yes,yes,yes,no,1,1,0,0
59,16,4,2,1,2,0,4,2,3,1,1,5,2,16,GP,F,U,GT3,T,other,course,mother,yes,yes,yes,no,0,1,1,0
60,16,4,4,1,2,0,2,4,4,2,3,4,0,16,GP,F,R,GT3,T,teacher,other,mother,yes,yes,no,no,0,1,0,0
61,16,1,1,4,1,0,5,5,5,5,5,5,0,16,GP,F,U,GT3,T,services,course,father,no,yes,yes,yes,1,1,0,0
62,16,1,2,1,2,0,4,4,3,1,1,1,0,10,GP,F,U,LE3,T,services,reputation,father,yes,yes,yes,no,1,0,0,0
63,16,4,3,1,3,0,3,4,4,2,4,4,0,13,GP,F,U,GT3,T,health,home,mother,yes,yes,yes,no,1,1,0,0
64,15,4,3,1,2,0,4,4,4,2,4,2,0,12,GP,F,U,LE3,T,services,reputation,father,yes,yes,yes,yes,1,0,0,0
65,16,4,3,3,2,0,5,4,3,1,2,1,2,16,GP,F,U,LE3,T,services,course,mother,yes,yes,yes,no,0,1,0,0
66,15,4,4,1,4,0,1,3,3,5,5,3,0,12,GP,M,U,GT3,A,services,reputation,mother,no,yes,yes,yes,0,1,0,0
67,16,3,1,1,4,0,4,3,3,1,2,5,0,10,GP,F,U,GT3,T,other,course,mother,yes,yes,yes,no,1,1,0,0
68,15,2,2,2,2,0,4,1,3,1,3,4,0,11,GP,F,R,LE3,T,services,reputation,mother,yes,yes,yes,no,1,1,0,0
69,15,3,1,2,4,0,4,4,2,2,3,3,6,15,GP,F,R,LE3,T,other,reputation,father,no,yes,yes,no,0,1,0,0
70,16,3,1,2,4,0,4,3,2,1,1,5,2,11,GP,M,U,GT3,T,other,reputation,father,yes,yes,yes,no,0,1,0,0
71,15,4,2,1,4,0,3,3,3,1,1,3,0,10,GP,M,U,GT3,T,other,course,mother,yes,yes,yes,no,0,0,0,1
72,15,1,1,1,2,0,3,3,4,2,4,5,2,11,GP,F,R,GT3,T,other,reputation,mother,no,yes,yes,yes,1,1,0,0
73,16,3,1,1,1,0,5,3,2,2,2,5,0,14,GP,M,U,GT3,T,other,reputation,mother,yes,yes,no,no,0,0,0,1
74,16,3,3,1,2,0,4,3,3,2,4,5,4,11,GP,F,U,GT3,T,services,home,mother,yes,yes,yes,no,1,1,0,0
75,15,4,3,1,2,0,4,3,3,2,3,5,0,11,GP,M,U,GT3,T,other,home,mother,yes,yes,yes,no,0,1,0,0
76,15,4,0,2,4,0,3,4,3,1,1,1,0,11,GP,M,U,GT3,T,other,course,mother,yes,yes,yes,no,0,0,0,1
77,16,2,2,1,4,0,5,2,3,1,3,3,1,13,GP,F,U,GT3,T,other,reputation,mother,yes,yes,yes,yes,0,0,0,1
78,17,2,1,2,1,3,4,5,1,1,1,3,0,10,GP,M,U,GT3,T,other,home,mother,yes,no,yes,no,1,1,0,0
79,16,3,4,1,2,0,2,4,3,1,2,3,14,11,GP,F,U,GT3,T,other,course,mother,yes,yes,yes,no,0,1,0,0
80,15,2,3,1,1,0,3,2,2,1,3,3,0,12,GP,M,U,GT3,T,services,course,father,no,yes,yes,yes,1,1,0,0
81,15,2,3,1,3,0,5,3,2,1,2,5,2,9,GP,M,U,GT3,T,other,home,mother,no,yes,yes,no,1,0,0,0
82,15,3,2,1,2,0,4,4,4,1,1,5,4,11,GP,F,U,LE3,T,other,reputation,mother,yes,yes,yes,no,0,1,0,0
83,15,2,2,2,2,0,5,3,3,1,3,4,2,13,GP,M,U,LE3,T,services,home,mother,yes,yes,yes,no,0,0,1,0
84,15,1,1,1,2,0,4,3,2,2,3,4,2,12,GP,F,U,GT3,T,other,home,father,no,yes,yes,no,0,1,0,0
85,15,4,4,2,2,0,4,4,4,2,3,5,4,12,GP,F,U,GT3,T,services,reputation,father,yes,yes,yes,yes,0,0,0,1
86,16,2,2,1,2,0,4,3,4,1,2,2,6,11,GP,F,U,LE3,T,other,course,mother,yes,yes,no,no,0,1,0,0
87,15,4,2,1,3,0,5,3,3,1,3,1,4,15,GP,F,U,GT3,T,other,reputation,mother,yes,yes,yes,no,0,1,0,0
88,16,2,2,2,2,0,4,4,2,1,1,3,6,11,GP,M,U,GT3,T,other,reputation,father,no,yes,yes,no,0,0,0,1
89,16,4,4,1,2,0,4,1,3,3,5,5,6,10,GP,M,U,LE3,A,health,reputation,mother,yes,yes,no,no,0,1,0,0
90,16,3,3,1,3,0,4,3,3,1,3,4,2,11,GP,F,U,GT3,T,other,home,mother,yes,yes,yes,yes,0,1,0,0
91,15,4,3,1,1,0,4,5,5,1,3,1,6,13,GP,F,U,GT3,T,other,reputation,mother,yes,yes,yes,no,0,0,0,1
92,16,3,1,1,2,0,3,3,3,2,3,2,0,12,GP,F,U,LE3,T,other,home,father,yes,yes,no,no,1,1,0,0
93,16,4,2,2,2,0,5,3,3,1,1,1,2,14,GP,F,U,GT3,T,services,home,mother,yes,yes,yes,no,0,1,0,0
94,15,2,2,1,4,0,4,3,4,1,1,4,2,12,GP,M,U,LE3,T,health,reputation,mother,yes,yes,yes,no,0,1,0,0
95,15,1,1,2,4,0,3,1,2,1,1,1,4,13,GP,F,R,GT3,T,other,home,mother,yes,yes,yes,no,1,1,1,0
96,16,4,3,2,1,0,3,3,3,1,1,4,6,11,GP,M,R,GT3,T,other,reputation,mother,no,yes,yes,no,1,1,1,0
97,16,2,1,1,2,0,4,3,5,1,1,5,0,12,GP,F,U,GT3,T,other,course,mother,yes,yes,no,yes,0,1,0,0
98,16,4,4,1,1,0,5,3,4,1,2,1,4,13,GP,F,U,GT3,T,other,reputation,mother,no,yes,yes,no,0,0,0,1
99,16,4,3,1,3,0,5,3,5,1,1,3,2,13,GP,F,U,GT3,T,at_home,course,mother,yes,yes,yes,no,1,1,0,0
100,16,4,4,1,1,0,4,5,5,5,5,4,12,8,GP,M,U,GT3,T,services,other,mother,yes,yes,yes,no,1,1,0,0
101,16,4,4,1,3,0,4,4,3,1,1,4,0,16,GP,M,U,GT3,T,teacher,other,father,yes,yes,yes,yes,0,1,0,0
102,15,4,4,1,1,0,5,3,3,1,1,5,2,12,GP,M,U,GT3,T,other,course,mother,no,yes,yes,no,0,1,1,0
103,15,3,2,2,2,0,4,3,5,1,1,2,16,10,GP,F,U,GT3,T,other,home,mother,yes,yes,yes,no,1,1,0,0
104,15,3,4,1,2,0,5,4,4,1,1,1,0,16,GP,M,U,GT3,A,other,course,mother,yes,yes,yes,no,0,1,0,0
105,15,3,3,1,4,0,4,3,3,1,1,4,10,10,GP,F,U,GT3,A,health,reputation,father,yes,yes,no,no,1,0,0,0
106,15,2,2,1,4,0,5,1,2,1,1,3,4,10,GP,F,U,GT3,T,other,course,mother,yes,yes,yes,no,1,1,0,0
107,16,3,3,1,3,0,5,3,3,1,1,5,4,14,GP,M,U,GT3,T,other,home,father,yes,yes,yes,no,0,1,0,0
108,15,4,4,4,4,0,1,3,5,3,5,1,8,11,GP,M,R,GT3,T,other,home,father,yes,yes,yes,yes,0,1,0,0
109,16,4,4,1,3,0,5,4,5,1,1,4,2,14,GP,F,U,LE3,T,health,other,mother,yes,yes,yes,yes,0,1,0,0
110,15,4,4,1,1,0,5,5,3,1,1,4,4,14,GP,M,U,LE3,A,teacher,course,mother,yes,yes,yes,no,0,0,0,1
111,16,3,3,1,3,0,4,1,2,1,1,2,4,11,GP,F,R,GT3,T,other,reputation,father,yes,yes,yes,no,1,1,0,0
112,16,2,2,1,2,1,3,1,2,1,1,5,12,10,GP,F,U,GT3,T,other,home,mother,yes,yes,yes,no,1,0,0,0
113,15,4,2,1,1,0,3,5,2,1,1,3,10,18,GP,M,U,LE3,T,other,course,mother,yes,yes,yes,no,0,0,0,1
114,15,2,1,1,2,0,5,4,2,1,1,5,4,10,GP,M,R,GT3,T,services,reputation,mother,yes,yes,yes,yes,0,0,0,1
115,16,4,4,1,2,0,5,4,4,1,2,5,6,14,GP,M,U,GT3,T,teacher,course,father,yes,yes,yes,no,0,1,0,0
116,15,4,4,2,2,0,4,4,3,1,1,2,4,16,GP,M,U,GT3,T,teacher,reputation,father,yes,yes,no,no,0,1,0,0
117,16,3,3,2,1,0,5,4,2,1,1,5,6,15,GP,M,U,GT3,T,services,home,father,yes,yes,yes,no,0,0,0,1
118,17,1,3,3,2,1,5,2,4,1,4,5,14,11,GP,M,R,GT3,T,other,course,father,yes,yes,yes,no,0,1,0,0
119,15,3,4,1,1,0,3,4,3,1,2,4,2,14,GP,M,U,GT3,T,other,reputation,father,yes,yes,yes,no,0,0,0,1
120,15,1,2,1,2,0,3,2,3,1,2,1,0,14,GP,F,U,GT3,T,services,course,mother,no,yes,yes,no,0,0,0,1
121,15,2,2,1,4,0,5,5,4,1,2,5,6,13,GP,M,U,GT3,T,services,home,father,yes,yes,yes,no,0,1,0,0
122,16,2,4,2,2,0,4,2,2,1,2,5,2,13,GP,F,U,LE3,T,health,course,father,yes,yes,yes,yes,0,1,0,0
123,16,4,4,1,1,0,3,4,4,1,4,5,4,13,GP,M,U,GT3,T,other,course,mother,yes,yes,yes,no,0,1,0,0
124,16,2,2,1,2,0,5,4,4,1,1,5,0,11,GP,F,U,GT3,T,other,home,mother,yes,yes,yes,yes,0,0,0,1
125,15,3,4,1,1,0,5,5,5,3,2,5,2,9,GP,M,U,GT3,T,services,home,father,yes,yes,yes,no,1,0,0,0
126,15,3,4,1,2,0,5,3,2,1,1,1,0,11,GP,F,U,LE3,A,other,home,mother,yes,yes,yes,yes,1,0,0,0
127,19,0,1,1,2,2,3,4,2,1,1,5,0,11,GP,F,U,GT3,T,other,course,other,no,no,no,no,0,1,0,0
128,16,4,4,1,1,0,3,5,5,2,5,4,8,15,GP,M,R,GT3,T,teacher,course,mother,yes,yes,yes,no,0,0,0,1
129,16,2,3,2,3,0,3,2,3,2,2,1,4,13,GP,M,U,GT3,T,other,course,mother,no,yes,yes,yes,0,1,0,0
130,15,3,4,2,3,0,4,2,2,2,2,5,0,12,GP,F,R,GT3,T,teacher,course,father,yes,yes,yes,yes,0,1,0,0
131,18,2,1,1,2,3,5,4,5,1,3,5,10,8,GP,F,U,GT3,T,other,reputation,mother,yes,no,yes,yes,0,1,0,0
132,17,2,1,3,1,0,3,2,2,1,2,5,8,11,GP,F,U,LE3,A,other,course,mother,yes,yes,yes,no,0,1,0,0
133,15,1,1,3,1,0,4,3,3,1,2,4,6,13,GP,F,U,GT3,T,other,course,mother,no,yes,yes,yes,0,1,0,0
134,17,2,2,1,1,0,3,4,4,1,3,5,2,12,GP,F,U,LE3,T,other,course,father,yes,yes,yes,yes,0,1,0,0
135,16,3,4,1,1,0,3,2,1,1,4,5,12,14,GP,F,U,GT3,A,other,course,father,yes,yes,yes,no,0,0,0,1
136,16,2,1,4,1,0,3,2,1,1,1,2,4,11,GP,M,U,GT3,T,other,course,mother,yes,yes,no,no,0,0,0,1
137,16,2,2,1,1,1,5,3,4,1,1,5,12,11,GP,F,U,GT3,A,other,home,mother,yes,yes,no,no,0,0,0,1
138,15,3,4,4,2,0,5,3,3,1,1,5,2,11,GP,M,R,GT3,T,teacher,course,mother,yes,yes,no,yes,0,1,0,0
139,15,4,4,1,3,0,4,3,3,1,1,5,4,15,GP,F,U,GT3,T,at_home,course,mother,yes,yes,yes,yes,0,1,0,0
140,17,3,4,3,2,0,5,4,5,2,4,5,2,10,GP,M,R,GT3,T,other,course,mother,yes,yes,no,no,0,0,0,1
141,16,1,1,4,2,0,5,1,3,1,1,3,0,13,GP,F,R,GT3,T,other,course,mother,yes,yes,no,no,0,1,0,0
142,18,3,1,2,1,0,3,3,4,4,5,4,2,12,GP,M,U,LE3,T,services,course,mother,yes,yes,yes,yes,0,0,0,1
143,18,3,2,1,3,0,4,3,3,5,1,5,10,11,GP,F,U,GT3,A,services,course,other,no,yes,yes,yes,0,1,0,0
144,16,1,1,2,1,0,3,3,3,1,2,1,8,11,GP,F,R,GT3,T,services,reputation,mother,yes,yes,no,yes,0,1,0,0
145,16,3,3,2,1,0,4,3,2,1,1,5,4,10,GP,F,U,GT3,A,other,course,other,no,yes,yes,yes,0,1,0,0
146,16,1,1,1,2,2,4,4,4,1,3,5,0,10,GP,M,U,LE3,T,other,course,mother,yes,yes,no,yes,0,0,0,1
147,15,4,4,2,1,0,4,3,2,1,1,5,6,14,GP,F,U,GT3,T,teacher,course,mother,yes,yes,yes,no,0,0,0,1
148,15,1,1,3,1,1,5,5,5,1,1,1,2,9,GP,F,R,GT3,T,other,course,mother,yes,yes,yes,yes,0,0,0,1
149,15,4,3,2,4,0,2,2,2,1,1,3,6,11,GP,M,U,GT3,T,services,course,father,yes,yes,yes,no,1,1,0,0
150,15,3,3,1,2,0,1,3,2,2,3,1,24,9,GP,F,U,GT3,A,services,home,mother,no,yes,no,yes,0,0,0,1
151,16,4,4,1,3,0,5,3,3,1,3,5,0,13,GP,M,U,GT3,T,services,course,mother,yes,yes,yes,no,0,1,0,0
152,16,2,2,2,1,0,2,3,3,2,2,2,4,11,GP,M,U,LE3,T,services,reputation,father,yes,yes,yes,no,0,1,0,0
153,15,4,4,1,3,0,4,2,2,1,1,5,2,13,GP,F,U,GT3,T,services,course,mother,yes,yes,yes,no,0,1,0,0
154,16,1,1,1,1,0,3,4,4,3,3,1,4,11,GP,F,U,LE3,T,at_home,course,mother,yes,yes,yes,no,0,0,0,1
155,17,2,1,1,1,0,5,4,5,1,2,5,22,6,GP,M,U,GT3,T,other,home,mother,yes,yes,yes,no,0,1,0,0
156,15,1,1,1,2,0,4,4,2,1,2,5,0,12,GP,F,U,GT3,T,services,course,father,yes,yes,yes,no,0,1,0,0
157,15,2,1,2,1,0,4,4,2,1,1,5,0,10,GP,F,U,LE3,A,other,home,mother,yes,no,yes,yes,0,1,0,0
158,15,3,2,1,2,1,3,3,2,1,1,3,2,11,GP,F,U,GT3,T,services,home,father,yes,yes,yes,no,0,1,0,0
159,15,1,2,1,2,0,4,3,2,1,1,5,6,13,GP,F,U,GT3,T,other,course,mother,no,yes,yes,no,0,1,0,0
160,15,1,2,1,2,0,2,3,4,2,4,1,6,11,GP,F,U,GT3,T,services,course,father,no,yes,no,yes,0,0,0,1
161,16,4,4,1,1,0,3,3,2,2,1,5,16,8,GP,M,U,GT3,T,teacher,course,mother,yes,no,yes,yes,0,1,0,0
162,15,2,1,4,1,0,4,5,5,2,5,5,0,11,GP,M,U,LE3,A,other,course,mother,yes,yes,yes,no,0,0,0,1
163,18,1,1,1,1,2,2,3,5,2,5,4,0,0,GP,M,U,LE3,T,other,course,mother,yes,no,yes,yes,0,0,0,1
164,16,2,1,1,1,1,4,4,4,3,5,5,6,10,GP,M,U,LE3,T,other,course,mother,yes,yes,no,yes,0,0,0,1
165,15,3,3,2,3,0,4,2,1,2,3,3,2,13,GP,F,R,GT3,T,services,reputation,other,yes,yes,yes,yes,0,1,1,0
166,19,3,2,1,1,0,4,5,4,1,1,4,6,11,GP,M,U,GT3,T,at_home,home,mother,yes,no,yes,yes,0,1,0,0
167,17,4,4,1,1,0,4,2,1,1,1,4,0,13,GP,F,U,GT3,T,teacher,course,mother,yes,yes,no,yes,1,1,0,0
168,15,2,3,1,2,0,4,4,4,1,1,1,0,8,GP,M,R,GT3,T,services,course,mother,yes,yes,no,no,1,0,1,0
169,17,1,2,1,1,3,2,2,2,3,3,5,14,10,GP,M,R,LE3,T,other,reputation,mother,yes,yes,no,no,0,0,0,1
170,18,1,1,3,1,3,5,2,5,1,5,4,6,11,GP,F,R,GT3,T,other,course,mother,no,yes,no,no,0,1,0,0
171,16,2,2,3,1,0,4,2,2,1,2,3,4,11,GP,M,R,GT3,T,other,course,mother,no,yes,no,no,0,0,0,1
172,16,3,3,1,2,1,4,5,5,4,4,5,0,1,GP,M,U,GT3,T,services,course,father,yes,yes,yes,yes,0,1,0,0
173,16,1,2,2,1,2,4,4,5,3,5,5,0,10,GP,M,U,LE3,T,services,course,mother,no,yes,yes,no,0,0,0,1
174,17,2,1,2,1,1,3,3,2,2,2,5,8,9,GP,M,R,LE3,T,other,course,mother,yes,no,yes,yes,0,0,1,0
175,17,3,2,2,2,2,4,4,4,1,4,3,4,8,GP,M,R,GT3,T,other,course,mother,yes,yes,yes,yes,1,1,0,0
176,15,1,2,2,1,0,4,4,4,2,4,5,2,10,GP,M,U,LE3,T,other,course,mother,yes,yes,no,no,0,0,0,1
177,16,1,3,1,1,1,5,3,3,1,4,2,2,8,GP,M,U,GT3,T,services,course,father,yes,no,yes,no,0,0,0,1
178,17,1,1,4,2,0,5,3,5,1,5,5,0,8,GP,M,R,LE3,T,services,course,mother,yes,no,no,yes,0,0,0,1
179,17,3,2,2,1,3,4,5,2,1,1,2,10,8,GP,M,U,GT3,T,services,course,mother,no,no,no,no,0,1,0,0
180,16,2,2,1,2,0,4,3,5,2,4,4,0,11,GP,M,U,GT3,T,other,course,father,yes,no,yes,no,0,0,0,1
181,16,4,2,1,2,0,4,2,3,1,1,3,0,18,GP,F,U,GT3,T,services,home,father,yes,yes,yes,yes,0,0,0,1
182,16,2,2,1,2,0,5,1,5,1,1,4,0,13,GP,F,U,GT3,T,other,home,mother,no,yes,yes,no,0,1,0,0
183,16,4,4,1,2,0,4,4,2,1,1,3,0,17,GP,F,U,GT3,T,health,reputation,mother,yes,yes,yes,yes,0,1,0,0
184,16,3,4,3,1,1,3,4,5,2,4,2,4,10,GP,M,U,GT3,T,other,course,father,no,yes,yes,no,0,1,0,0
185,16,1,0,2,2,0,4,3,2,1,1,3,0,18,GP,M,U,GT3,T,other,reputation,mother,yes,yes,yes,yes,0,1,0,0
186,17,4,4,1,2,0,4,4,4,1,3,5,0,10,GP,M,U,LE3,T,other,reputation,mother,yes,yes,yes,no,0,1,0,0
187,16,1,3,1,2,0,4,3,5,1,1,3,0,13,GP,F,U,GT3,T,services,home,mother,no,yes,yes,yes,0,0,0,1
188,16,3,3,2,2,0,4,4,5,1,1,4,0,15,GP,F,U,LE3,T,other,reputation,mother,yes,yes,yes,no,0,1,0,0
189,17,4,3,2,2,0,4,4,4,4,4,4,0,11,GP,M,U,LE3,T,other,course,mother,yes,yes,yes,no,0,0,0,1
190,16,2,2,2,2,0,3,4,4,1,4,5,0,14,GP,F,U,GT3,T,other,reputation,mother,no,yes,yes,no,0,0,0,1
191,17,3,3,1,2,0,4,3,4,1,4,4,4,10,GP,M,U,GT3,T,other,reputation,father,no,yes,yes,no,0,0,0,1
192,16,4,2,1,1,0,4,3,3,3,4,3,8,11,GP,M,R,GT3,T,services,other,mother,yes,yes,yes,yes,0,1,0,0
193,17,4,3,1,2,0,5,2,3,1,1,2,4,13,GP,M,U,GT3,T,other,course,mother,yes,yes,yes,yes,0,1,1,0
194,16,4,3,1,2,0,3,4,3,2,3,3,4,11,GP,M,U,GT3,T,other,home,mother,yes,yes,yes,no,0,1,1,0
195,16,3,3,1,2,0,4,2,3,1,2,3,0,13,GP,M,U,GT3,T,other,home,mother,yes,yes,yes,yes,0,0,0,1
196,17,2,4,1,2,0,5,4,2,2,3,5,0,17,GP,F,U,GT3,T,services,reputation,father,yes,yes,no,no,0,1,0,0
197,17,3,3,1,2,0,5,3,3,2,3,1,32,14,GP,F,U,LE3,T,other,reputation,mother,yes,yes,yes,yes,0,1,0,0
198,16,3,2,1,2,0,1,2,2,1,2,1,8,16,GP,F,U,GT3,T,other,reputation,mother,yes,yes,yes,no,0,1,0,0
199,17,3,3,1,2,0,4,3,4,2,3,4,6,14,GP,M,U,GT3,T,services,other,mother,yes,yes,yes,yes,0,1,0,0
200,16,1,2,1,1,0,3,3,3,1,2,3,0,11,GP,M,U,GT3,T,services,other,mother,yes,yes,yes,yes,0,1,0,0
201,16,2,1,1,2,0,4,2,3,1,2,5,0,16,GP,M,U,LE3,T,other,course,mother,yes,yes,yes,yes,0,0,0,1
202,17,3,3,1,2,0,3,3,3,1,3,3,10,14,GP,F,U,GT3,A,other,reputation,mother,no,yes,yes,yes,0,1,0,0
203,17,1,2,1,2,0,3,1,3,1,5,3,6,10,GP,M,R,GT3,T,other,home,mother,yes,yes,no,no,0,0,0,1
204,16,2,3,1,2,0,4,3,3,1,1,2,6,13,GP,F,U,GT3,T,services,course,mother,yes,yes,yes,no,0,0,0,1
205,17,1,1,1,2,0,5,3,3,1,1,3,0,12,GP,F,U,GT3,T,services,course,mother,yes,yes,yes,no,0,0,0,1
206,17,1,2,2,2,0,4,4,4,4,5,5,16,12,GP,M,U,GT3,T,services,other,other,no,yes,yes,no,0,0,0,1
207,16,3,3,1,1,0,4,3,2,3,4,5,0,10,GP,M,R,GT3,T,services,reputation,mother,yes,yes,yes,no,0,1,0,0
208,16,2,3,2,1,0,5,3,3,1,1,3,0,12,GP,M,U,GT3,T,other,home,father,yes,yes,yes,no,0,0,0,1
209,17,2,4,1,2,0,4,3,2,1,1,5,8,16,GP,F,U,LE3,T,services,course,father,yes,yes,yes,yes,0,0,0,1
210,17,4,4,1,1,0,5,2,3,1,2,5,4,14,GP,M,U,GT3,T,teacher,home,mother,yes,yes,yes,no,0,0,0,1
211,16,3,3,3,1,0,3,3,4,3,5,3,16,12,GP,M,R,LE3,T,other,home,father,yes,yes,yes,no,0,1,0,0
212,17,4,4,2,1,1,4,2,4,2,3,2,30,16,GP,F,U,GT3,T,teacher,home,mother,yes,yes,yes,no,0,1,0,0
213,16,4,4,1,2,0,4,5,2,1,2,3,0,11,GP,F,U,LE3,T,teacher,reputation,mother,yes,yes,yes,no,0,1,0,0
214,16,4,3,1,2,0,4,3,5,1,5,2,2,15,GP,F,U,GT3,T,other,home,mother,yes,yes,yes,no,0,1,0,0
215,16,2,3,1,2,0,4,4,3,1,3,4,4,12,GP,F,U,GT3,T,other,reputation,mother,yes,yes,no,no,1,1,0,0
216,17,1,1,1,2,0,4,4,4,1,3,1,0,15,GP,F,U,GT3,T,other,course,mother,no,yes,no,no,0,1,0,0
217,17,2,2,1,1,0,5,3,2,1,2,3,21,13,GP,F,R,GT3,T,other,reputation,mother,yes,yes,yes,no,0,1,0,0
218,16,2,2,2,4,0,5,3,5,1,1,5,6,13,GP,F,R,GT3,T,services,reputation,mother,no,yes,yes,no,0,1,0,0
219,17,3,4,1,3,1,4,4,3,3,4,5,14,8,GP,F,U,GT3,T,services,home,mother,yes,yes,yes,yes,0,1,1,0
220,16,3,1,1,2,0,2,3,3,2,2,4,2,12,GP,F,U,GT3,A,other,course,mother,yes,yes,yes,no,0,1,0,0
221,16,4,3,1,2,0,1,3,2,1,1,1,4,15,GP,F,U,GT3,T,other,other,mother,yes,yes,yes,yes,0,0,0,1
222,16,1,1,2,1,0,4,3,2,1,4,5,2,13,GP,F,U,GT3,T,other,home,mother,yes,yes,no,no,0,1,0,0
223,17,4,3,2,3,0,4,4,2,1,1,4,0,12,GP,F,R,GT3,T,other,reputation,mother,yes,yes,yes,yes,0,1,0,0
224,19,3,3,1,4,0,4,3,3,1,2,3,4,12,GP,F,U,GT3,T,other,reputation,other,yes,yes,yes,no,0,1,0,0
225,17,4,4,1,2,0,5,3,5,4,5,3,15,12,GP,M,U,LE3,T,other,home,mother,yes,yes,yes,yes,0,1,0,0
226,16,2,2,1,2,0,3,3,4,1,1,4,0,13,GP,F,U,GT3,A,other,reputation,mother,yes,yes,yes,no,1,1,0,0
227,18,2,2,1,2,0,4,4,4,2,4,5,10,11,GP,M,U,GT3,T,other,home,mother,yes,yes,yes,no,0,1,0,0
228,17,4,4,1,1,0,5,2,1,1,2,3,6,11,GP,F,R,LE3,T,other,other,mother,yes,yes,no,no,0,1,0,0
229,17,3,2,2,2,0,4,4,4,1,3,1,2,15,GP,F,U,LE3,T,other,reputation,mother,yes,yes,yes,no,0,0,0,1
230,17,4,3,1,2,0,3,4,5,2,4,1,16,10,GP,F,U,GT3,T,other,reputation,mother,yes,yes,yes,yes,0,0,0,1
231,18,3,3,1,2,0,3,2,4,2,4,4,10,10,GP,M,U,LE3,T,health,home,father,yes,yes,yes,no,0,1,0,0
232,17,2,3,2,1,0,3,3,3,1,4,3,4,13,GP,F,U,GT3,T,other,home,father,yes,yes,no,no,0,1,0,0
233,17,2,2,1,3,0,4,3,3,1,1,4,0,13,GP,F,U,GT3,T,at_home,course,mother,yes,yes,yes,no,0,1,0,0
234,17,2,1,2,2,0,4,2,5,1,2,5,0,11,GP,F,R,GT3,T,services,reputation,mother,yes,yes,yes,no,0,1,0,0
235,17,1,1,1,3,0,4,3,4,1,1,5,12,12,GP,F,U,GT3,T,other,reputation,mother,yes,yes,no,yes,0,1,0,0
236,16,2,3,1,2,0,2,3,1,1,1,3,0,14,GP,F,U,GT3,T,teacher,other,mother,yes,yes,yes,no,1,0,0,0
237,18,2,2,2,2,3,3,3,3,5,5,4,9,10,GP,M,U,GT3,T,other,home,mother,yes,yes,yes,no,0,1,1,0
238,16,4,4,1,3,0,5,3,2,1,1,5,4,16,GP,F,U,GT3,T,services,home,mother,no,yes,yes,no,0,1,0,0
239,18,3,1,1,2,0,5,3,3,1,1,4,4,8,GP,F,R,GT3,T,other,reputation,mother,yes,yes,yes,yes,0,0,0,1
240,17,3,2,1,2,0,5,3,4,1,3,3,2,17,GP,F,U,GT3,T,other,course,mother,no,yes,yes,no,0,0,0,1
241,17,2,3,1,2,0,5,3,3,1,3,3,0,11,GP,M,U,LE3,T,services,reputation,father,no,yes,yes,no,0,1,0,0
242,18,2,1,4,2,0,4,3,2,4,5,3,2,11,GP,M,U,LE3,T,other,course,mother,yes,yes,yes,yes,1,1,0,0
243,17,2,1,2,3,0,3,2,3,1,2,3,0,16,GP,F,U,GT3,A,other,course,mother,yes,yes,yes,yes,0,0,0,1
244,17,4,3,1,2,0,3,2,3,1,2,3,0,12,GP,F,U,LE3,T,other,reputation,father,yes,yes,yes,yes,0,0,0,1
245,17,2,2,2,2,0,4,5,2,1,1,1,0,13,GP,M,R,GT3,T,other,course,father,yes,yes,yes,no,0,1,0,0
246,17,4,4,1,2,0,4,5,5,1,3,2,0,13,GP,M,U,GT3,T,teacher,reputation,mother,yes,yes,yes,yes,1,1,0,0
247,16,4,4,1,2,0,4,2,4,2,4,1,0,14,GP,M,U,GT3,T,other,reputation,father,yes,yes,yes,no,0,1,0,0
248,16,1,1,2,2,0,3,4,2,1,1,5,2,9,GP,M,U,LE3,T,other,home,mother,yes,yes,yes,no,0,1,0,0
249,16,3,2,2,3,0,5,3,3,1,3,2,0,12,GP,M,U,GT3,T,other,reputation,mother,yes,yes,yes,yes,0,0,0,1
250,17,2,2,1,2,0,4,4,2,5,5,4,0,16,GP,M,U,LE3,T,other,home,father,no,yes,yes,yes,0,0,0,1
251,16,2,1,1,1,0,4,5,2,1,1,5,4,10,GP,F,U,GT3,T,other,home,mother,yes,yes,yes,yes,0,0,0,1
252,16,4,1,1,2,0,5,3,3,1,2,5,0,13,GP,F,U,GT3,A,other,home,mother,yes,yes,yes,yes,0,0,0,1
253,18,2,4,2,2,1,4,3,3,1,1,3,18,10,GP,F,U,LE3,A,other,course,mother,yes,yes,yes,no,0,1,0,0
254,18,2,2,1,2,1,5,3,1,1,1,5,16,10,GP,F,U,LE3,T,services,course,mother,no,yes,yes,yes,0,1,0,0
255,18,3,3,2,1,1,4,1,1,1,1,3,14,7,GP,F,U,GT3,T,other,course,mother,yes,no,yes,no,0,0,0,1
256,18,2,2,1,1,1,4,4,3,2,2,1,26,8,GP,M,U,GT3,T,at_home,course,other,no,no,yes,yes,0,1,0,0
257,17,4,4,1,1,0,4,2,1,1,2,5,6,9,GP,M,U,GT3,T,teacher,course,mother,no,yes,yes,no,0,1,0,0
258,17,3,2,1,2,0,5,4,2,1,1,3,4,15,GP,F,U,GT3,T,other,course,father,yes,yes,no,no,0,0,0,1
259,17,1,1,1,3,0,4,3,2,1,2,4,10,10,GP,F,U,LE3,T,at_home,course,mother,yes,yes,yes,yes,0,1,0,0
260,16,1,2,1,1,0,5,3,5,1,2,5,4,11,GP,F,U,GT3,T,other,course,mother,yes,no,yes,no,0,0,0,1
261,17,2,1,3,2,0,2,1,1,1,1,3,2,13,GP,F,R,GT3,T,services,course,mother,yes,yes,no,no,0,0,0,1
262,17,1,4,4,1,1,5,5,4,1,1,5,14,8,GP,F,R,LE3,A,other,course,other,yes,yes,yes,no,0,1,0,0
263,18,2,2,1,2,0,5,5,4,3,5,2,16,8,GP,M,U,GT3,T,services,reputation,father,yes,no,yes,no,0,0,0,1
264,17,2,2,1,1,1,3,1,2,1,1,1,8,10,GP,F,U,LE3,A,other,home,mother,no,no,yes,no,0,1,0,0
265,17,1,1,2,3,0,4,3,3,1,3,5,4,15,GP,F,R,LE3,T,other,course,mother,yes,yes,yes,no,0,0,0,1
266,17,4,2,1,2,0,4,3,2,1,1,4,4,14,GP,F,U,LE3,A,other,course,mother,yes,yes,no,no,0,1,0,0
267,17,4,3,2,2,0,2,5,5,1,4,5,8,15,GP,M,U,LE3,T,other,course,mother,yes,yes,yes,yes,0,0,0,1
268,17,4,4,2,2,0,3,3,3,2,3,4,0,12,GP,M,R,LE3,A,other,course,mother,yes,yes,yes,no,0,1,0,0
269,16,4,3,1,1,0,5,4,5,1,1,3,7,15,GP,M,U,LE3,T,other,course,mother,no,yes,yes,no,0,0,0,1
270,16,4,4,1,1,0,5,3,2,1,2,5,4,15,GP,M,U,GT3,T,services,course,mother,yes,yes,yes,no,0,0,1,0
271,17,4,4,1,2,0,5,3,1,1,4,5,2,12,GP,F,U,GT3,T,services,course,mother,yes,yes,yes,yes,0,1,1,0
272,17,1,1,2,3,0,4,3,3,1,1,1,2,15,GP,M,R,GT3,T,other,home,father,no,yes,yes,yes,0,0,0,1
273,17,3,3,2,3,0,4,2,2,2,3,5,10,11,GP,F,U,GT3,T,other,home,mother,yes,yes,yes,yes,0,1,0,0
274,17,1,1,1,2,0,4,3,2,1,1,4,10,10,GP,F,U,GT3,T,other,course,mother,no,yes,no,yes,1,0,0,0
275,18,2,1,2,3,0,4,4,4,1,1,3,10,11,GP,F,U,GT3,T,other,course,other,no,yes,yes,yes,0,1,0,0
276,16,2,1,3,1,0,4,3,3,1,1,4,7,16,GP,M,U,GT3,T,other,course,mother,yes,yes,yes,no,0,0,0,1
277,17,1,1,1,2,0,4,3,4,1,2,5,4,11,GP,F,U,GT3,T,services,course,father,yes,yes,no,no,0,1,0,0
278,17,2,3,2,1,0,5,2,2,1,1,2,2,13,GP,M,U,GT3,T,other,course,father,yes,yes,yes,no,0,0,0,1
279,22,3,1,1,1,3,5,4,5,5,5,1,12,5,GP,M,U,GT3,T,services,other,mother,no,no,yes,yes,0,0,0,1
280,18,3,3,1,2,0,4,3,3,1,3,5,8,10,GP,M,R,LE3,T,services,course,mother,yes,yes,yes,yes,0,1,0,0
281,16,0,2,1,1,0,4,3,2,2,4,5,0,11,GP,M,U,GT3,T,other,other,mother,no,yes,yes,no,0,0,0,1
282,18,3,2,2,1,0,4,4,5,2,4,5,8,7,GP,M,U,GT3,T,other,course,mother,yes,no,yes,no,0,0,0,1
283,16,3,3,3,2,1,5,3,3,1,3,2,4,10,GP,M,U,GT3,T,other,reputation,other,no,yes,yes,no,1,1,0,0
284,18,2,1,1,1,2,3,2,5,2,5,5,4,6,GP,M,U,GT3,T,services,other,mother,no,no,yes,no,0,0,0,1
285,16,2,1,2,1,0,3,3,2,1,3,3,2,12,GP,M,R,GT3,T,other,course,mother,no,yes,no,no,0,0,0,1
286,17,2,1,1,1,0,4,4,2,2,4,5,0,13,GP,M,R,GT3,T,other,course,mother,no,yes,yes,no,0,0,0,1
287,17,1,1,2,1,1,4,4,4,1,2,5,0,10,GP,M,U,LE3,T,other,course,mother,yes,yes,yes,no,0,1,0,0
288,18,2,1,1,2,0,4,3,4,1,3,5,2,13,GP,F,U,LE3,A,other,course,mother,no,yes,yes,yes,0,1,0,0
289,17,4,2,1,4,0,4,2,3,1,1,4,2,17,GP,F,U,LE3,T,services,reputation,mother,yes,yes,yes,no,0,1,0,0
290,19,2,2,1,2,0,4,3,3,1,1,5,0,11,GP,F,U,GT3,T,services,home,mother,yes,yes,yes,no,0,1,0,0
291,18,2,1,3,2,1,4,4,5,4,4,5,4,11,GP,M,U,LE3,T,other,course,mother,no,no,yes,no,0,0,0,1
292,17,4,2,1,3,0,4,3,4,1,3,5,2,14,GP,F,R,GT3,T,other,course,mother,yes,yes,yes,no,0,1,0,0
293,18,1,1,1,3,0,4,4,3,2,3,3,4,14,GP,F,U,LE3,T,at_home,home,mother,no,yes,no,no,0,1,0,0
294,18,2,2,1,2,0,3,2,3,1,1,5,4,13,GP,F,R,GT3,T,other,home,mother,yes,yes,no,no,1,0,0,0
295,19,4,3,1,2,0,4,3,1,1,1,1,4,14,GP,M,U,LE3,A,at_home,reputation,mother,yes,yes,yes,no,0,1,0,0
296,18,2,1,1,2,0,5,2,4,1,2,4,2,16,GP,M,U,GT3,T,other,home,mother,yes,yes,yes,no,0,0,0,1
297,17,2,2,2,1,0,5,2,2,1,1,4,0,10,GP,M,R,GT3,T,services,other,mother,no,no,no,no,0,0,0,1
298,17,2,2,1,4,0,3,4,1,1,1,2,2,12,GP,F,U,LE3,T,services,course,father,yes,yes,yes,yes,0,0,0,1
299,20,2,1,2,2,0,1,2,3,1,2,2,8,12,GP,F,R,GT3,T,other,course,other,yes,no,yes,yes,0,1,1,0
300,18,4,3,1,2,0,3,1,2,1,3,2,2,15,GP,F,U,GT3,T,other,home,father,yes,yes,yes,yes,0,1,0,0
301,18,4,3,1,2,0,4,3,2,1,1,3,2,11,GP,M,U,GT3,T,other,course,mother,no,yes,yes,no,0,1,0,0
302,18,3,2,1,3,0,5,3,2,1,1,3,2,12,GP,M,R,GT3,T,other,course,mother,no,yes,no,no,0,0,0,1
303,17,3,3,1,3,0,3,2,3,1,1,4,2,13,GP,F,U,GT3,T,other,home,mother,no,yes,no,no,0,0,0,1
304,18,2,2,1,3,0,4,3,3,1,1,3,0,13,GP,F,U,GT3,T,services,home,mother,yes,yes,yes,yes,0,1,0,0
305,17,2,2,2,1,0,4,4,4,2,3,4,8,9,GP,M,U,GT3,T,other,home,father,yes,no,yes,no,0,0,0,1
306,18,3,4,2,2,0,4,2,5,3,4,1,6,16,GP,M,R,LE3,A,other,reputation,mother,yes,yes,yes,no,0,1,0,0
307,17,3,1,1,2,0,5,4,4,3,4,5,0,14,GP,M,U,GT3,T,other,other,mother,yes,yes,yes,yes,0,0,0,1
308,18,4,4,2,2,0,4,3,4,2,2,4,8,12,GP,F,R,GT3,T,other,reputation,mother,yes,yes,yes,no,0,0,0,1
309,18,4,2,1,2,0,5,4,5,1,3,5,4,14,GP,M,U,GT3,T,other,reputation,father,yes,yes,yes,yes,0,1,0,0
310,18,2,1,2,2,0,4,3,5,1,2,3,12,10,GP,F,R,GT3,T,other,reputation,mother,yes,no,yes,yes,0,1,0,0
311,19,3,3,1,2,0,4,3,5,3,3,5,16,12,GP,F,U,GT3,T,services,home,other,yes,yes,yes,no,0,1,0,0
312,18,2,3,1,4,0,4,5,5,1,3,2,10,16,GP,F,U,GT3,T,services,reputation,father,yes,yes,yes,yes,0,1,0,0
313,18,1,1,2,2,0,4,4,3,1,1,3,2,13,GP,F,U,LE3,T,other,home,mother,no,yes,no,no,0,1,0,0
314,17,1,2,1,2,0,3,5,2,2,2,1,2,18,GP,M,R,GT3,T,at_home,home,mother,no,yes,no,yes,0,1,0,0
315,18,2,1,1,2,0,4,2,5,1,2,1,8,15,GP,F,U,GT3,T,other,home,mother,yes,yes,yes,yes,0,1,0,0
316,17,2,4,2,2,0,4,3,3,1,1,1,6,16,GP,F,U,GT3,T,health,reputation,mother,yes,yes,yes,yes,0,1,0,0
317,17,2,2,2,2,0,4,4,4,2,3,5,6,12,GP,F,U,LE3,T,other,course,mother,yes,yes,yes,yes,1,1,0,0
318,18,3,2,2,2,0,4,1,1,1,1,5,15,10,GP,F,R,GT3,A,services,home,mother,no,no,yes,yes,0,0,0,1
319,18,4,4,2,1,0,3,2,4,1,4,3,6,12,GP,M,U,GT3,T,services,home,mother,yes,yes,yes,no,0,0,0,1
320,18,4,4,1,2,1,2,4,4,1,1,4,2,13,GP,F,U,GT3,T,health,reputation,father,yes,yes,yes,yes,1,1,0,0
321,17,2,2,3,3,0,4,2,3,1,1,1,8,15,GP,F,U,GT3,T,services,reputation,father,yes,yes,yes,yes,0,1,0,0
322,19,3,2,1,2,1,3,3,3,4,3,3,0,10,GP,F,R,GT3,T,services,reputation,father,yes,no,yes,no,1,1,0,0
323,18,4,3,2,1,0,4,2,3,1,2,1,0,10,GP,M,U,LE3,T,services,course,mother,yes,yes,yes,no,0,0,0,1
324,18,1,2,2,1,0,3,4,4,2,4,4,10,11,GP,M,U,GT3,T,other,home,other,no,no,yes,no,0,0,0,1
325,17,4,1,2,1,0,4,5,4,2,4,5,22,10,GP,M,U,LE3,A,other,home,mother,yes,yes,yes,yes,0,0,0,1
326,17,3,2,1,1,0,4,4,4,3,4,3,18,13,GP,M,U,LE3,A,services,home,mother,yes,yes,yes,no,0,0,0,1
327,18,1,1,2,4,0,5,2,2,1,1,3,2,18,GP,F,R,LE3,T,other,reputation,mother,yes,yes,no,no,0,1,0,0
328,18,1,1,2,2,0,5,4,4,1,1,4,0,13,GP,F,U,GT3,T,other,home,mother,yes,yes,yes,no,1,0,0,0
329,17,2,2,1,2,0,5,4,5,1,2,5,12,14,GP,F,U,GT3,T,other,course,mother,no,yes,yes,no,0,1,0,0
330,18,2,1,2,2,0,4,3,1,1,1,5,10,14,GP,F,U,GT3,T,other,reputation,mother,yes,yes,yes,yes,0,0,0,1
331,17,1,1,1,2,0,4,3,3,1,2,4,0,12,GP,M,U,GT3,T,other,reputation,father,no,yes,yes,no,0,0,0,1
332,18,2,2,1,3,0,4,3,3,1,2,2,0,18,GP,F,U,GT3,T,at_home,other,mother,yes,yes,yes,no,0,1,0,0
333,17,1,1,1,3,0,4,3,3,1,1,3,0,14,GP,F,U,GT3,T,teacher,reputation,mother,yes,yes,yes,no,0,1,0,0
334,18,2,1,1,3,0,4,2,4,1,3,2,0,15,GP,M,U,GT3,T,services,reputation,mother,yes,yes,yes,no,0,0,0,1
335,18,4,4,1,2,0,5,4,3,1,1,2,0,17,GP,M,U,LE3,A,teacher,reputation,mother,yes,yes,yes,no,0,1,0,0
336,18,4,2,1,2,0,4,3,2,1,4,5,2,16,GP,M,U,GT3,T,other,home,mother,yes,yes,yes,yes,0,1,0,0
337,17,4,3,1,3,0,4,2,2,1,2,3,0,18,GP,F,U,GT3,T,services,reputation,mother,yes,yes,yes,no,0,1,0,0
338,17,3,1,2,4,0,3,1,2,1,1,3,0,19,GP,F,R,LE3,T,other,reputation,mother,yes,yes,no,no,0,1,0,0
339,18,3,2,2,3,0,5,4,2,1,1,4,0,15,GP,M,R,LE3,T,other,reputation,mother,yes,yes,yes,no,0,1,0,0
340,17,3,3,1,1,0,4,4,3,1,3,5,0,15,GP,M,U,GT3,T,other,home,mother,yes,yes,yes,no,0,1,0,0
341,19,4,4,2,2,0,2,3,4,2,3,2,2,13,GP,F,U,GT3,T,other,reputation,other,yes,yes,yes,no,0,1,0,0
342,18,4,3,2,2,0,4,4,5,1,2,2,0,14,GP,F,U,LE3,T,other,home,other,yes,yes,yes,yes,0,1,0,0
343,18,4,3,1,4,0,4,3,3,1,1,3,0,17,GP,F,U,GT3,T,other,reputation,father,yes,yes,yes,no,0,1,0,0
344,18,4,4,1,1,0,1,4,2,2,2,1,0,17,GP,M,U,LE3,T,teacher,home,mother,yes,yes,yes,yes,0,1,0,0
345,18,4,4,1,2,0,4,2,4,1,1,4,0,15,GP,F,U,LE3,A,other,home,mother,yes,yes,yes,yes,0,1,1,0
346,17,4,4,2,1,0,4,1,1,2,2,5,0,13,GP,M,U,LE3,T,teacher,home,father,yes,yes,yes,no,0,0,0,1
347,17,4,4,2,3,0,5,3,4,1,1,5,0,8,GP,F,R,GT3,T,services,reputation,mother,yes,yes,yes,no,0,1,0,0
348,17,4,2,2,3,0,4,3,3,1,1,3,0,16,GP,F,U,GT3,T,other,reputation,mother,yes,yes,yes,no,0,1,0,0
349,17,3,2,1,4,0,5,2,2,1,2,5,0,18,GP,F,U,GT3,T,health,reputation,father,no,yes,yes,no,0,1,0,0
350,19,2,1,2,3,1,4,3,1,1,1,5,0,11,GP,M,R,LE3,T,services,course,mother,yes,yes,yes,yes,0,0,0,1
351,20,3,2,1,1,2,5,5,3,1,1,5,0,15,GP,M,U,GT3,A,other,course,other,yes,yes,no,no,0,0,0,1
352,19,3,3,1,2,0,4,5,3,1,2,5,0,11,GP,M,R,GT3,T,services,reputation,father,yes,yes,no,yes,0,0,0,1
353,18,1,4,1,2,0,3,4,4,1,2,5,2,11,GP,F,U,GT3,T,teacher,home,mother,no,yes,no,yes,1,1,0,0
354,18,2,1,2,2,0,5,3,3,1,2,1,2,15,GP,F,U,GT3,T,other,course,mother,yes,yes,yes,no,0,1,0,0
355,17,2,3,2,2,0,4,2,1,1,1,3,2,14,GP,F,U,GT3,T,other,course,father,yes,yes,yes,yes,0,0,0,1
356,17,4,4,1,1,0,4,4,4,1,1,5,2,17,GP,F,R,GT3,T,teacher,course,mother,yes,yes,yes,no,0,0,0,1
357,18,4,3,1,3,0,4,3,4,1,1,5,2,17,GP,F,U,GT3,T,other,course,mother,yes,yes,yes,yes,0,1,0,0
358,18,4,3,2,1,0,3,2,4,1,4,1,8,15,GP,F,U,LE3,T,services,course,mother,yes,yes,yes,no,0,1,0,0
359,17,3,4,1,3,0,4,3,4,2,5,5,2,17,GP,F,R,GT3,T,services,course,father,no,yes,yes,no,0,1,0,0
360,18,3,3,1,2,0,4,1,4,1,1,3,8,14,GP,F,U,GT3,T,other,course,father,yes,yes,yes,no,0,1,0,0
361,19,4,2,2,2,0,5,4,4,1,1,1,9,10,GP,M,U,GT3,T,other,course,mother,yes,yes,yes,yes,0,1,0,0
362,18,4,4,1,2,0,4,4,4,3,3,5,0,13,GP,F,U,GT3,T,other,course,mother,yes,yes,yes,no,0,1,0,0
363,18,3,4,1,1,0,5,4,4,1,1,1,4,14,GP,F,U,GT3,T,other,course,mother,yes,yes,yes,yes,0,1,0,0
364,17,4,4,1,1,0,5,3,4,1,2,5,2,17,GP,F,U,GT3,T,health,course,mother,yes,yes,yes,no,0,0,0,1
365,17,4,3,1,2,0,5,2,2,1,2,5,14,17,GP,F,U,GT3,A,services,course,mother,yes,yes,yes,yes,0,1,0,0
366,17,3,3,1,2,0,5,3,3,1,1,5,0,13,GP,F,U,LE3,A,other,home,mother,yes,yes,yes,no,1,1,0,0
367,17,2,1,1,2,0,4,2,3,2,2,2,2,14,GP,F,U,LE3,T,other,home,father,yes,yes,yes,no,0,0,0,1
368,18,4,4,1,1,0,4,2,5,3,4,5,2,11,GP,M,U,LE3,T,other,reputation,father,yes,yes,yes,no,0,1,0,0
369,19,1,1,3,3,0,1,5,5,4,3,5,12,11,GP,F,U,GT3,T,other,course,other,yes,no,no,yes,0,0,0,1
370,19,1,1,3,2,2,5,3,4,1,1,4,2,9,GP,F,U,LE3,A,other,course,other,no,yes,yes,yes,0,1,0,0
371,18,2,2,1,1,0,4,3,5,2,4,5,2,10,GP,F,U,GT3,T,other,course,mother,yes,yes,yes,yes,0,1,0,0
372,17,2,2,1,2,0,4,2,2,1,1,3,4,13,GP,F,U,GT3,T,other,course,mother,yes,yes,no,yes,0,1,0,0
373,17,2,2,1,3,0,3,3,2,2,2,3,0,10,GP,F,R,LE3,T,services,course,mother,yes,yes,yes,no,0,1,0,0
374,17,3,1,1,3,0,3,4,3,2,3,5,0,17,GP,F,U,GT3,T,services,course,father,no,yes,yes,no,0,1,0,0
375,17,0,2,2,3,0,3,3,3,2,3,2,0,15,GP,F,U,LE3,T,at_home,home,father,yes,yes,yes,no,0,0,0,1
376,18,1,1,2,3,0,4,5,5,1,2,2,0,14,GP,F,U,GT3,T,other,home,mother,yes,yes,yes,no,0,0,0,1
377,18,4,4,1,3,0,4,3,3,2,2,3,0,13,GP,M,U,GT3,T,other,course,mother,yes,yes,yes,no,0,0,0,1
378,17,3,3,1,1,0,4,3,5,3,5,5,0,17,GP,M,U,GT3,T,services,reputation,mother,no,yes,yes,no,0,0,0,1
379,17,2,2,4,1,0,4,4,5,5,5,4,2,10,GP,M,R,GT3,T,other,course,mother,yes,yes,yes,no,0,1,0,0
380,17,4,4,1,3,0,5,4,4,1,3,4,0,13,GP,F,U,GT3,T,services,course,mother,yes,yes,yes,no,0,1,0,0
381,17,4,4,2,3,0,4,3,3,1,2,4,4,15,GP,F,U,GT3,T,teacher,course,mother,no,yes,yes,yes,0,1,0,0
382,17,3,3,1,1,0,4,2,5,2,5,5,2,11,GP,F,U,GT3,T,other,course,mother,yes,yes,yes,no,0,1,1,0
383,18,2,2,1,4,0,4,5,5,2,4,5,0,12,GP,M,U,LE3,T,other,course,mother,yes,yes,yes,no,0,1,1,0
384,19,3,2,1,1,0,5,3,4,2,2,5,0,10,GP,M,R,GT3,T,services,home,other,no,yes,no,yes,0,1,0,0
385,18,2,2,4,2,0,4,2,5,1,1,2,2,10,GP,F,U,GT3,T,other,course,mother,yes,yes,no,yes,0,0,0,1
386,17,2,4,1,3,0,4,4,3,1,1,5,0,15,GP,F,R,GT3,T,other,course,father,yes,yes,yes,yes,0,1,0,0
387,18,2,2,1,1,0,5,4,2,1,2,5,6,15,GP,M,U,GT3,T,other,reputation,mother,no,yes,yes,no,0,0,0,1
388,18,3,3,1,2,0,5,3,4,1,1,4,8,12,GP,F,U,GT3,T,services,home,mother,yes,yes,yes,no,0,0,0,1
389,18,2,2,1,2,0,4,3,3,1,1,2,0,12,GP,F,U,LE3,T,other,home,other,no,yes,yes,yes,0,0,0,1
390,18,2,2,2,4,0,4,4,4,1,1,4,6,14,GP,F,R,GT3,T,other,course,mother,yes,yes,no,no,0,0,0,1
391,17,3,4,1,3,0,4,4,5,1,3,5,8,14,GP,F,U,GT3,T,other,course,mother,yes,yes,yes,no,0,0,0,1
392,17,3,2,1,2,0,4,3,2,2,3,2,0,15,GP,F,U,GT3,T,other,home,mother,yes,yes,yes,yes,0,1,0,0
393,18,3,3,1,4,0,5,3,3,1,1,1,4,15,GP,F,U,LE3,T,services,home,mother,yes,yes,yes,no,0,1,0,0
394,17,3,2,1,2,0,4,3,3,2,3,2,0,16,GP,F,R,GT3,A,other,home,mother,yes,yes,yes,no,0,1,0,0
395,18,4,4,1,2,0,4,3,3,2,2,2,0,13,GP,M,U,GT3,T,services,home,father,yes,yes,yes,no,0,1,0,0
396,18,3,4,1,2,0,4,3,3,1,3,5,6,17,GP,M,U,LE3,T,other,home,mother,yes,yes,yes,yes,0,0,0,1
397,17,2,2,1,2,0,3,3,1,1,2,4,18,14,GP,F,U,GT3,A,at_home,home,father,yes,yes,yes,yes,0,1,0,0
398,18,2,3,1,3,0,4,3,3,1,2,3,0,14,GP,F,U,GT3,T,other,course,mother,yes,yes,yes,no,0,1,0,0
399,18,3,2,1,3,0,5,4,3,2,3,1,4,17,GP,F,U,GT3,T,services,other,mother,yes,yes,yes,yes,0,0,0,1
400,18,4,3,1,3,0,5,3,2,1,2,4,4,17,GP,M,R,GT3,T,services,course,mother,yes,yes,yes,yes,0,0,0,1
401,18,4,3,1,3,0,5,4,5,2,3,5,0,14,GP,M,U,GT3,T,other,course,mother,yes,yes,yes,yes,0,1,0,0
402,17,4,3,1,3,0,4,4,3,1,3,4,0,13,GP,F,U,GT3,T,other,reputation,mother,yes,yes,yes,yes,0,1,0,0
403,17,2,1,2,2,0,4,3,4,2,2,1,10,15,GP,F,U,GT3,T,other,course,mother,yes,yes,yes,yes,0,1,0,0
404,17,2,1,1,2,0,4,3,5,2,4,4,4,16,GP,F,U,GT3,T,other,reputation,mother,yes,yes,yes,no,0,1,0,0
405,19,2,3,2,1,1,2,2,3,3,4,5,16,11,GP,F,U,LE3,A,other,home,other,yes,no,yes,no,0,0,0,1
406,17,3,1,1,1,1,4,1,2,1,1,3,6,13,GP,F,U,GT3,T,at_home,home,mother,yes,yes,yes,yes,0,1,1,0
407,21,4,4,1,3,2,3,3,2,1,1,5,0,12,GP,F,U,LE3,T,other,reputation,other,yes,yes,yes,no,0,0,1,0
408,18,2,2,1,2,0,4,4,4,1,3,3,11,12,GP,M,U,LE3,T,services,reputation,mother,no,no,yes,no,0,1,0,0
409,18,3,4,1,2,0,4,3,5,1,4,2,9,15,GP,M,U,LE3,A,other,reputation,other,yes,yes,yes,yes,0,0,0,1
410,17,2,2,1,2,0,4,3,4,1,3,4,0,17,GP,F,U,GT3,T,services,reputation,mother,yes,yes,yes,no,0,1,0,0
411,17,4,4,1,3,0,4,4,2,1,2,4,2,15,GP,M,U,LE3,A,other,reputation,mother,yes,yes,yes,no,0,1,0,0
412,18,4,2,1,2,0,4,2,2,1,1,3,0,17,GP,F,U,LE3,T,other,course,mother,yes,yes,yes,no,0,1,0,0
413,21,1,1,2,2,2,5,3,3,5,2,4,21,10,GP,M,R,LE3,T,other,course,other,yes,no,yes,yes,0,1,0,0
414,20,1,1,2,3,0,3,2,2,1,3,3,8,15,GP,F,R,GT3,T,other,reputation,other,yes,yes,yes,yes,0,0,0,1
415,19,4,4,1,1,1,3,2,5,4,4,5,5,11,GP,F,U,GT3,T,other,home,other,yes,yes,yes,yes,0,1,0,0
416,17,3,2,1,2,0,4,4,4,1,2,5,10,18,GP,M,U,LE3,A,other,reputation,mother,yes,yes,yes,no,0,1,0,0
417,18,3,2,1,3,0,4,3,4,1,2,2,5,17,GP,F,U,GT3,T,other,reputation,father,yes,yes,yes,yes,0,1,0,0
418,18,2,3,1,1,0,3,1,3,4,5,4,13,14,GP,M,R,GT3,T,services,reputation,father,yes,yes,yes,no,0,0,0,1
419,19,2,1,1,1,0,5,3,4,1,4,4,10,11,GP,M,U,GT3,T,other,reputation,mother,yes,yes,yes,no,0,0,0,1
420,18,2,2,2,2,0,4,1,4,1,3,4,10,17,GP,F,U,LE3,A,other,reputation,mother,yes,yes,yes,no,0,1,0,0
421,20,1,0,2,1,1,5,3,1,1,1,5,5,10,GP,F,U,GT3,T,other,reputation,mother,yes,yes,yes,yes,1,0,0,0
422,18,3,2,1,2,0,3,1,2,1,2,1,4,13,GP,F,U,GT3,T,other,home,mother,no,yes,yes,yes,0,1,0,0
423,16,1,3,2,1,0,4,3,3,1,3,5,11,11,MS,F,U,GT3,T,other,other,father,yes,no,yes,yes,0,1,0,0
424,16,2,2,2,2,0,4,4,4,1,1,5,0,12,MS,F,R,GT3,T,other,course,mother,yes,yes,yes,no,0,1,0,0
425,15,1,1,1,1,1,4,1,3,1,1,2,6,10,MS,F,R,GT3,T,services,other,mother,yes,yes,no,yes,0,1,0,0
426,15,3,3,2,1,0,5,4,4,2,3,5,4,11,MS,F,R,GT3,T,other,course,mother,yes,yes,yes,no,0,1,0,0
427,16,2,3,2,2,0,4,5,2,1,2,5,0,17,MS,F,R,GT3,T,services,course,mother,yes,yes,no,no,0,0,0,1
428,15,2,1,2,1,0,1,3,4,1,1,1,0,9,MS,F,R,LE3,T,other,home,mother,yes,no,no,no,0,0,0,1
429,16,4,4,1,2,0,5,3,2,1,3,2,5,11,MS,M,R,LE3,A,other,home,mother,yes,yes,no,no,0,1,0,0
430,16,1,2,1,3,0,4,4,3,1,1,5,0,11,MS,M,U,GT3,A,other,other,mother,yes,yes,yes,no,1,0,0,0
431,17,3,2,1,2,1,4,5,4,1,2,5,0,10,MS,F,R,GT3,T,other,course,father,yes,yes,no,yes,0,0,0,1
432,17,1,1,1,1,1,5,4,4,2,2,5,0,7,MS,F,R,GT3,T,other,other,father,no,no,yes,no,0,1,0,0
433,15,4,4,2,1,0,1,5,1,3,5,5,0,14,MS,F,R,GT3,T,other,course,mother,yes,yes,yes,yes,0,0,0,1
434,16,2,2,2,4,0,1,2,1,1,1,1,4,11,MS,F,U,LE3,A,other,reputation,mother,no,no,no,yes,0,0,0,1
435,15,1,1,2,2,0,5,4,3,1,2,4,0,10,MS,F,R,LE3,T,services,reputation,father,yes,yes,yes,no,0,1,0,0
436,15,1,1,2,1,1,4,4,3,1,2,2,4,8,MS,F,R,LE3,T,services,course,mother,yes,yes,yes,yes,0,1,0,0
437,16,0,2,2,1,0,3,2,3,1,2,2,0,12,MS,F,R,GT3,T,other,other,mother,yes,yes,no,no,0,1,0,0
438,17,2,3,2,1,0,5,5,5,1,3,3,2,12,MS,F,R,GT3,T,other,course,mother,yes,yes,yes,no,0,1,0,0
439,15,3,3,2,1,0,4,1,3,1,1,4,0,16,MS,F,R,GT3,T,services,course,father,no,yes,yes,no,0,0,0,1
440,16,1,1,2,2,0,5,4,5,4,5,3,0,0,MS,M,U,GT3,T,services,home,mother,yes,yes,no,yes,0,1,0,0
441,17,1,1,1,2,0,4,4,3,2,4,5,4,9,MS,M,U,GT3,T,other,home,mother,no,yes,yes,no,0,0,1,0
442,15,4,1,1,2,0,5,3,4,1,2,2,0,14,MS,M,R,LE3,T,services,reputation,father,yes,yes,yes,no,0,1,0,0
443,15,4,1,1,2,0,5,3,4,1,2,2,7,8,MS,M,R,LE3,T,services,reputation,father,yes,yes,yes,no,0,1,0,0
444,16,3,4,3,2,0,3,4,5,1,2,5,4,11,MS,M,R,GT3,T,health,other,mother,no,yes,no,no,0,0,0,1
445,15,1,1,4,2,0,5,4,5,2,4,4,8,9,MS,M,R,GT3,T,other,course,mother,yes,yes,no,yes,0,1,0,0
446,15,3,3,1,2,0,5,3,3,1,1,5,0,11,MS,M,U,LE3,T,at_home,reputation,father,yes,yes,yes,no,0,1,0,0
447,17,2,1,3,1,0,5,5,5,5,5,3,8,9,MS,M,R,GT3,T,other,other,mother,yes,no,no,yes,0,0,0,1
448,16,4,4,2,3,0,4,2,2,1,1,4,6,17,MS,F,R,GT3,T,teacher,course,mother,yes,yes,yes,yes,0,0,0,1
449,15,1,2,2,1,0,5,1,2,1,1,1,3,13,MS,F,R,GT3,T,services,course,mother,yes,yes,no,no,0,0,0,1
450,16,2,3,3,2,0,4,5,4,1,2,1,2,15,MS,F,R,GT3,T,services,course,mother,yes,yes,yes,no,0,1,0,0
451,16,1,2,2,2,0,4,3,3,1,1,5,0,11,MS,M,R,GT3,T,other,course,father,yes,yes,no,no,0,0,0,1
452,16,2,2,3,2,0,4,4,5,1,1,4,4,11,MS,F,R,GT3,T,other,course,mother,yes,yes,yes,no,0,1,0,0
453,16,1,2,1,3,1,1,3,2,1,2,4,0,8,MS,F,U,GT3,T,services,course,mother,yes,yes,no,no,0,1,0,0
454,16,1,2,1,3,1,1,3,2,1,2,4,3,8,MS,F,U,GT3,T,services,course,mother,yes,yes,no,no,0,1,0,0
455,15,2,1,1,2,0,4,4,2,3,3,2,0,9,MS,F,U,GT3,T,other,home,mother,no,yes,yes,no,1,1,0,0
456,16,1,1,1,2,0,5,4,3,2,1,2,0,15,MS,F,U,GT3,T,other,course,father,no,yes,no,yes,0,1,0,0
457,17,1,2,1,1,0,5,5,5,5,5,3,4,11,MS,M,R,LE3,T,services,reputation,mother,yes,yes,yes,no,0,1,0,0
458,16,1,1,4,4,0,4,3,2,1,1,1,0,13,MS,F,R,GT3,T,other,home,father,no,yes,yes,no,0,1,0,0
459,16,1,1,4,3,0,4,4,3,1,1,5,2,10,MS,F,R,GT3,T,other,other,father,yes,yes,no,no,1,1,0,0
460,15,1,1,2,2,0,4,3,3,1,1,2,1,11,MS,F,R,GT3,T,other,home,father,yes,yes,yes,no,0,1,0,0
461,16,1,1,2,1,0,4,2,2,4,3,2,0,14,MS,F,R,GT3,T,other,other,mother,yes,yes,yes,yes,0,0,0,1
462,15,1,1,3,2,0,4,2,1,1,2,2,0,14,MS,F,R,GT3,T,at_home,course,father,yes,yes,no,no,0,1,0,0
463,15,2,2,1,3,0,4,4,3,2,2,5,2,12,MS,F,R,LE3,T,other,other,father,yes,yes,no,no,1,1,0,0
464,16,1,1,2,1,0,3,4,4,3,4,5,6,11,MS,M,R,GT3,T,other,other,father,yes,yes,no,no,0,0,0,1
465,18,1,2,1,2,1,3,4,4,2,3,5,9,8,MS,F,U,GT3,T,other,course,father,yes,yes,yes,yes,0,1,0,0
466,15,3,1,2,1,0,3,2,3,1,3,4,0,11,MS,M,U,GT3,T,services,home,mother,yes,yes,no,no,0,1,0,0
467,16,2,2,3,2,0,5,3,4,1,1,2,1,14,MS,F,R,GT3,T,services,course,father,yes,yes,yes,no,0,1,0,0
468,15,2,2,3,1,0,4,3,3,1,2,4,1,13,MS,M,U,GT3,T,other,reputation,mother,yes,yes,no,no,0,0,0,1
469,16,4,4,1,2,0,4,3,1,1,1,3,0,13,MS,M,U,GT3,T,teacher,course,father,yes,yes,no,yes,0,1,0,0
470,15,3,3,1,2,0,4,5,4,1,1,1,4,12,MS,F,R,GT3,T,other,reputation,mother,yes,yes,yes,yes,0,1,0,0
471,16,2,2,2,2,1,4,4,4,2,3,5,2,12,MS,F,R,GT3,T,other,course,mother,no,yes,no,no,0,1,0,0
472,16,2,2,3,1,0,4,3,2,1,1,4,0,16,MS,F,R,LE3,T,other,home,father,yes,yes,no,yes,0,1,0,0
473,16,2,1,2,1,0,2,4,3,2,3,4,4,10,MS,M,U,LE3,T,services,course,mother,yes,yes,yes,no,0,1,0,0
474,15,1,3,3,1,0,4,2,4,3,5,3,2,11,MS,M,R,LE3,T,other,reputation,father,yes,yes,yes,no,0,1,0,0
475,15,2,2,2,3,0,5,3,2,1,1,4,0,14,MS,F,U,GT3,T,services,course,mother,yes,yes,no,no,0,1,0,0
476,16,2,1,1,1,0,5,4,3,1,1,5,2,8,MS,F,R,LE3,T,other,home,mother,yes,yes,yes,yes,0,1,0,0
477,15,3,3,2,1,0,4,3,3,2,4,3,11,11,MS,M,U,GT3,T,services,course,father,no,yes,yes,no,0,1,0,0
478,16,1,1,2,2,3,3,4,3,1,1,1,0,8,MS,F,R,GT3,T,other,course,father,yes,yes,no,no,1,1,0,0
479,17,2,2,1,1,0,4,5,3,1,1,5,4,10,MS,F,U,GT3,T,at_home,course,mother,yes,no,no,no,0,1,0,0
480,19,2,3,1,1,1,4,4,4,1,1,2,0,10,MS,F,U,GT3,T,services,course,other,yes,no,yes,yes,0,0,0,1
481,17,2,1,3,1,0,5,5,3,1,1,3,2,11,MS,F,R,GT3,T,other,course,mother,yes,no,no,yes,0,1,0,0
482,15,1,1,2,1,0,5,2,1,1,3,4,0,9,MS,F,R,LE3,T,other,course,mother,yes,no,no,yes,0,1,0,0
483,16,2,2,3,2,0,3,4,5,1,2,1,1,11,MS,F,R,GT3,T,other,course,father,yes,no,yes,no,0,1,0,0
484,16,2,2,1,1,0,4,3,4,1,2,1,6,8,MS,F,U,LE3,A,other,home,mother,yes,no,no,no,0,1,0,0
485,17,2,2,2,2,0,4,3,5,1,2,4,0,11,MS,F,R,GT3,T,other,course,mother,yes,yes,yes,no,0,1,0,0
486,16,2,2,1,1,1,4,4,3,1,4,3,1,10,MS,F,U,GT3,T,services,course,father,no,yes,yes,no,0,1,1,0
487,18,3,2,2,3,2,3,3,2,1,1,2,6,10,MS,F,R,LE3,A,other,course,other,no,no,no,yes,0,1,0,0
488,19,1,1,1,3,1,5,3,1,1,1,3,6,9,MS,F,U,GT3,T,services,course,mother,yes,no,no,yes,0,0,0,1
489,18,1,1,2,1,1,4,4,3,3,4,4,0,10,MS,M,R,GT3,T,other,home,mother,yes,no,yes,no,0,0,0,1
490,18,1,1,2,1,1,3,2,3,1,1,2,4,10,MS,F,R,GT3,T,at_home,course,mother,no,no,yes,yes,0,0,0,1
491,19,1,1,2,2,1,1,1,4,4,1,1,12,9,MS,F,U,GT3,T,other,course,other,yes,yes,yes,yes,0,1,0,0
492,16,2,2,1,2,0,3,3,2,1,1,3,2,10,MS,F,R,GT3,A,other,course,mother,no,yes,no,yes,0,0,0,1
493,17,0,1,2,1,0,2,4,4,3,5,5,5,10,MS,F,U,GT3,T,at_home,course,father,no,yes,no,no,0,0,0,1
494,16,1,2,1,2,0,4,4,5,1,3,3,0,9,MS,F,R,LE3,T,other,course,mother,yes,no,yes,no,0,0,0,1
495,16,3,3,1,1,0,4,5,4,1,1,4,0,13,MS,F,U,GT3,T,other,reputation,mother,yes,no,yes,yes,0,0,0,1
496,16,1,1,1,1,0,4,4,4,2,2,4,2,14,MS,F,R,LE3,T,services,home,mother,yes,yes,yes,yes,0,1,0,0
497,17,3,3,2,4,1,5,4,5,3,4,5,0,10,MS,M,U,GT3,T,at_home,course,mother,yes,yes,no,no,0,1,1,0
498,16,2,1,1,2,0,5,3,3,1,1,1,0,14,MS,F,U,GT3,T,services,course,mother,yes,yes,yes,no,0,1,0,0
499,16,2,2,1,1,0,4,2,5,1,2,5,0,16,MS,F,U,GT3,T,other,course,mother,yes,yes,no,yes,0,1,1,0
500,17,1,2,1,1,1,5,3,5,5,5,1,12,7,MS,M,U,GT3,T,other,course,father,yes,no,yes,yes,0,1,0,0
501,16,4,3,1,1,0,4,2,5,1,5,5,8,13,MS,M,U,LE3,T,other,course,father,yes,yes,yes,no,0,0,0,1
502,17,2,2,3,4,1,1,3,5,3,5,3,2,9,MS,M,R,LE3,T,services,other,mother,yes,yes,no,no,0,1,0,0
503,16,1,1,1,4,0,2,2,1,1,1,5,0,14,MS,F,U,GT3,T,other,course,other,yes,yes,yes,no,1,1,0,0
504,19,2,2,1,3,0,5,4,5,1,1,1,0,13,MS,F,U,LE3,T,other,home,mother,yes,yes,yes,yes,0,0,0,1
505,17,1,1,2,1,0,4,4,5,1,2,5,0,11,MS,F,R,GT3,T,other,reputation,mother,no,yes,yes,yes,0,1,0,0
506,20,3,3,2,2,1,3,3,4,2,4,3,8,10,MS,F,U,GT3,T,services,other,mother,yes,yes,yes,yes,0,0,0,1
507,17,1,1,1,3,0,4,3,3,1,1,3,0,10,MS,F,U,LE3,T,services,course,father,yes,yes,no,yes,0,1,0,0
508,17,2,2,3,1,1,4,4,5,1,2,5,0,9,MS,M,R,GT3,T,other,course,mother,no,yes,yes,no,0,1,0,0
509,16,1,1,3,2,0,5,3,2,1,1,1,0,18,MS,F,R,LE3,T,other,course,father,yes,yes,no,no,0,1,0,0
510,17,2,2,2,2,0,5,3,2,1,1,1,0,17,MS,F,R,GT3,T,other,reputation,mother,yes,yes,no,no,0,1,0,0
511,17,1,0,2,2,0,4,4,5,1,1,4,1,10,MS,F,U,GT3,A,other,other,mother,yes,yes,yes,yes,0,0,0,1
512,18,1,1,1,2,1,4,3,2,1,1,5,9,7,MS,F,R,GT3,T,other,other,mother,yes,yes,yes,yes,0,1,0,0
513,16,3,1,1,1,0,3,1,3,1,3,1,0,8,MS,F,U,GT3,T,other,course,mother,yes,yes,yes,no,0,0,0,1
514,16,3,2,1,1,0,3,1,3,1,4,3,2,7,MS,F,U,GT3,T,at_home,course,mother,yes,yes,yes,no,0,0,0,1
515,18,1,1,2,2,0,2,3,5,1,4,3,8,10,MS,F,U,LE3,T,at_home,reputation,mother,yes,yes,no,no,1,0,0,0
516,16,4,4,1,2,0,4,3,3,2,3,2,0,16,MS,F,R,GT3,T,teacher,reputation,father,no,yes,yes,yes,0,0,0,1
517,16,1,2,2,1,0,5,4,5,1,4,2,0,15,MS,F,R,LE3,T,other,reputation,mother,yes,yes,yes,no,0,0,0,1
518,18,2,4,1,2,1,2,3,2,1,3,1,8,8,MS,F,U,GT3,A,services,reputation,father,yes,yes,yes,no,0,1,0,0
519,16,2,1,2,2,0,5,2,1,1,1,2,0,0,MS,M,R,GT3,T,services,reputation,mother,yes,yes,yes,no,0,0,0,1
520,16,1,1,3,2,0,4,3,2,1,3,5,6,8,MS,F,U,LE3,T,other,other,mother,yes,yes,yes,no,0,1,0,0
521,16,2,3,2,2,0,3,3,3,1,1,2,0,10,MS,F,R,GT3,T,services,other,mother,yes,yes,yes,no,0,1,0,0
522,16,4,4,1,2,0,4,3,4,1,2,3,4,8,MS,F,U,GT3,T,health,course,mother,yes,yes,yes,yes,0,1,0,0
523,18,4,4,1,4,0,5,5,5,5,5,5,2,6,MS,M,U,LE3,T,health,home,mother,yes,no,yes,yes,0,1,0,0
524,16,3,4,3,2,0,4,2,1,1,1,2,2,8,MS,F,R,LE3,T,other,other,mother,no,yes,no,no,0,1,0,0
525,17,4,4,1,3,0,4,4,3,1,2,5,0,16,MS,M,U,LE3,T,services,home,mother,yes,yes,yes,no,0,1,0,0
526,17,4,1,1,1,0,4,2,3,1,2,5,1,14,MS,F,R,GT3,T,other,other,mother,yes,yes,yes,yes,0,0,0,1
527,16,2,2,4,3,0,5,1,3,2,2,3,0,10,MS,M,U,LE3,T,services,other,mother,yes,yes,no,no,0,0,0,1
528,17,2,2,1,1,0,5,1,3,1,2,5,5,9,MS,F,R,GT3,T,other,other,mother,yes,yes,yes,no,0,1,1,0
529,16,4,4,2,1,0,5,1,3,1,2,5,1,11,MS,F,U,LE3,T,services,other,father,yes,yes,no,no,0,1,0,0
530,17,3,3,1,1,0,4,1,4,5,5,3,8,9,MS,M,U,GT3,T,services,home,mother,yes,yes,yes,no,0,1,0,0
531,17,1,1,3,2,0,5,1,3,3,3,1,0,10,MS,M,U,GT3,T,services,other,mother,yes,yes,yes,yes,0,0,0,1
532,16,2,1,2,2,0,4,2,2,1,4,5,2,8,MS,M,U,GT3,T,services,other,mother,no,yes,yes,yes,0,0,0,1
533,16,2,1,1,2,0,3,2,2,1,1,3,0,16,MS,F,U,LE3,T,services,other,mother,yes,yes,yes,yes,0,0,0,1
534,16,4,4,1,1,0,4,1,2,2,5,5,0,12,MS,M,U,LE3,T,health,other,father,yes,yes,yes,no,0,1,0,0
535,15,1,2,3,2,0,5,5,5,1,3,5,11,10,MS,M,R,GT3,T,services,course,mother,yes,yes,no,no,0,1,0,0
536,15,2,2,3,4,0,5,4,5,2,3,5,8,14,MS,M,U,LE3,A,other,reputation,mother,yes,yes,no,no,0,1,0,0
537,15,2,1,1,1,0,4,3,3,1,2,5,11,12,MS,M,U,LE3,A,services,course,mother,yes,yes,yes,no,0,0,0,1
538,16,2,2,1,3,0,4,3,3,2,2,5,2,11,MS,F,R,LE3,T,other,course,mother,no,yes,no,yes,0,1,0,0
539,16,4,1,2,2,0,1,2,4,2,2,1,8,10,MS,F,U,LE3,T,other,home,mother,yes,yes,yes,no,0,1,0,0
540,17,3,2,2,1,0,4,3,3,2,2,1,5,11,MS,F,U,GT3,T,other,home,mother,yes,yes,no,yes,0,0,0,1
541,17,2,2,2,2,0,5,1,3,1,1,5,0,11,MS,F,R,GT3,T,other,other,mother,yes,yes,no,no,1,0,1,0
542,16,4,4,2,3,0,5,3,5,1,4,5,1,12,MS,F,U,GT3,T,services,course,mother,yes,yes,yes,yes,0,1,0,0
543,17,4,4,3,1,3,3,3,3,1,3,5,2,8,MS,M,R,GT3,T,other,course,father,yes,yes,yes,yes,0,0,0,1
544,17,1,3,2,1,0,5,1,2,3,3,5,2,12,MS,M,R,LE3,T,other,course,father,yes,yes,no,yes,0,0,0,1
545,17,3,4,1,2,1,5,4,4,3,4,5,8,8,MS,M,U,GT3,T,other,other,mother,no,yes,yes,yes,0,1,0,0
546,17,4,4,1,2,0,5,2,5,1,1,5,0,16,MS,F,U,GT3,T,health,course,father,yes,yes,yes,no,0,1,0,0
547,16,4,1,1,1,0,4,1,2,2,1,2,0,11,MS,M,R,LE3,T,at_home,other,father,yes,yes,yes,no,0,0,0,1
548,17,1,1,1,2,0,4,5,5,1,2,3,2,11,MS,F,U,GT3,A,at_home,other,mother,yes,yes,yes,yes,0,0,0,1
549,17,4,2,2,2,0,4,3,3,2,3,5,0,18,MS,F,R,GT3,T,other,course,mother,no,yes,yes,no,1,1,0,0
550,16,2,2,2,2,0,4,1,2,2,2,5,0,13,MS,M,U,LE3,A,services,course,father,no,yes,yes,yes,0,1,0,0
551,17,3,2,2,2,0,4,1,2,2,2,1,0,13,MS,M,U,GT3,T,other,other,father,yes,yes,yes,no,0,1,1,0
552,19,1,1,1,2,2,4,4,3,3,4,4,2,10,MS,M,U,GT3,T,other,other,mother,yes,no,yes,no,0,1,0,0
553,17,1,0,1,1,0,4,1,2,1,1,5,4,12,MS,M,U,LE3,A,other,home,mother,yes,yes,no,yes,0,0,0,1
554,17,1,1,2,1,0,3,5,5,2,2,4,3,10,MS,F,R,GT3,T,at_home,course,father,yes,no,yes,yes,0,1,0,0
555,16,1,2,1,3,0,4,3,4,1,1,3,5,13,MS,F,R,GT3,T,other,home,father,no,yes,yes,yes,1,1,0,0
556,16,1,2,1,1,0,4,4,4,2,4,5,4,11,MS,M,R,LE3,T,at_home,course,mother,yes,yes,no,no,0,0,0,1
557,17,3,1,2,2,3,5,4,4,1,1,5,2,10,MS,F,R,GT3,T,other,course,mother,no,yes,yes,yes,0,1,0,0
558,17,2,2,2,1,0,5,5,5,3,5,5,0,10,MS,M,R,GT3,T,other,course,mother,yes,no,no,yes,0,0,0,1
559,18,1,0,3,1,1,4,3,2,1,1,4,0,13,MS,M,R,GT3,T,at_home,course,other,yes,yes,no,no,1,1,0,0
560,17,1,1,2,1,0,4,5,5,1,3,2,0,10,MS,M,R,GT3,T,services,course,mother,no,yes,yes,yes,0,1,0,0
561,18,1,1,2,2,0,4,3,3,1,4,5,6,10,MS,M,U,LE3,T,at_home,course,mother,yes,yes,no,no,0,1,0,0
562,16,2,2,1,2,0,5,4,3,1,1,1,0,12,MS,F,R,LE3,T,services,course,father,yes,yes,no,yes,0,0,0,1
563,17,2,2,1,1,1,1,2,1,2,3,5,0,0,MS,M,U,GT3,T,other,course,mother,yes,yes,no,yes,0,0,0,1
564,16,3,2,2,1,0,4,5,5,2,3,5,2,10,MS,M,R,GT3,T,other,course,father,yes,yes,yes,no,0,0,0,1
565,16,1,1,2,1,0,4,5,5,2,4,5,0,9,MS,M,R,LE3,T,other,course,mother,yes,yes,yes,no,0,0,0,1
566,18,1,1,2,1,1,5,3,3,2,3,5,2,9,MS,M,R,GT3,T,other,course,other,yes,no,yes,yes,0,1,0,0
567,18,3,2,1,1,1,2,3,1,2,2,5,0,0,MS,M,R,GT3,T,other,course,mother,yes,no,yes,no,0,0,0,1
568,19,3,2,2,1,3,3,2,1,1,1,3,4,9,MS,M,U,GT3,T,services,course,mother,yes,yes,no,no,0,0,0,1
569,18,3,3,1,2,2,4,4,5,1,3,3,9,8,MS,M,U,GT3,T,at_home,course,mother,yes,no,yes,no,0,1,0,0
570,16,2,2,2,1,0,5,4,3,2,4,4,6,8,MS,M,R,GT3,T,services,course,mother,yes,yes,yes,yes,0,1,0,0
571,19,2,1,2,1,3,4,4,3,1,3,5,4,9,MS,M,U,GT3,T,other,course,other,no,no,yes,yes,0,0,0,1
572,16,3,2,2,2,2,2,5,5,1,1,1,8,7,MS,F,U,GT3,A,at_home,course,mother,yes,yes,no,yes,0,1,0,0
573,17,1,1,1,1,0,4,3,2,1,2,5,9,10,MS,F,U,GT3,T,at_home,course,mother,yes,yes,no,no,0,1,0,0
574,20,1,1,2,1,1,4,4,3,2,4,4,12,10,MS,M,R,GT3,T,other,course,other,yes,no,yes,yes,0,1,0,0
575,18,4,3,1,1,0,5,4,4,3,4,2,8,10,MS,F,R,GT3,A,services,course,mother,yes,yes,yes,no,0,1,0,0
576,18,3,2,2,1,0,2,5,5,5,5,5,8,11,MS,M,R,GT3,T,other,course,mother,no,yes,yes,no,0,1,0,0
577,19,1,1,3,2,1,5,4,4,3,3,2,8,11,MS,M,R,GT3,T,services,home,other,yes,yes,yes,no,0,0,0,1
578,17,3,3,2,2,1,4,5,4,2,3,3,4,10,MS,M,U,GT3,T,other,course,mother,yes,yes,yes,no,0,1,0,0
579,18,1,3,1,1,0,4,3,3,2,3,3,0,9,MS,M,U,LE3,T,services,course,mother,yes,no,yes,yes,0,0,0,1
580,19,1,1,3,1,1,4,4,4,3,3,5,4,10,MS,M,R,GT3,T,other,home,other,yes,yes,yes,no,0,1,0,0
581,18,1,2,2,2,2,4,3,3,1,1,5,2,8,MS,F,U,GT3,A,other,course,mother,yes,yes,no,no,0,1,0,0
582,19,1,1,1,1,0,1,4,4,1,1,5,0,7,MS,F,U,LE3,A,other,course,mother,yes,no,no,no,0,1,0,0
583,18,2,2,2,1,1,5,5,5,1,1,3,0,0,MS,F,R,GT3,T,other,other,mother,yes,no,yes,yes,0,0,0,1
584,17,0,0,2,1,0,4,4,3,1,1,5,0,11,MS,F,R,GT3,T,other,course,mother,yes,yes,yes,no,0,1,0,0
